[{"id": 1, "tl_x": 184, "tl_y": 293, "tr_x": 184, "tr_y": 380, "br_x": 270, "br_y": 380, "bl_x": 270, "bl_y": 278, "width": 480, "height": 640, "status": 0}, {"id": 1, "tl_x": 1519, "tl_y": 808, "tr_x": 1599, "tr_y": 863, "br_x": 1731, "br_y": 669, "bl_x": 1651, "bl_y": 614, "width": 1433, "height": 1374, "status": 1}, {"id": 2, "tl_x": 781, "tl_y": 1036, "tr_x": 864, "tr_y": 1098, "br_x": 989, "br_y": 932, "bl_x": 906, "bl_y": 870, "width": 1433, "height": 1374, "status": 1}, {"id": 3, "tl_x": 1657, "tl_y": 1207, "tr_x": 1732, "tr_y": 1278, "br_x": 1884, "br_y": 1117, "bl_x": 1809, "bl_y": 1046, "width": 1433, "height": 1374, "status": 1}, {"id": 4, "tl_x": 1389, "tl_y": 431, "tr_x": 1474, "tr_y": 489, "br_x": 1617, "br_y": 278, "bl_x": 1532, "bl_y": 221, "width": 1433, "height": 1374, "status": 1}]